﻿Designator,Footprint,Quantity,Value,LCSC Part #
C1,C_0603,1,10 uF,C1691
"C2, C3",C_0603,2,4.7 uF,C1705
"D1, D10, D12, D14, D4, D6, D8",D_SOD-323,7,20V 1A,C41424805
"D11, D13, D2, D3, D5, D7, D9",Z_DO-214AC,7,1W 6.2V,C110527
"J1, J10, J11, J12, J15, J16, J2, J3, J4, J5, J6, J7, J8, J9",CONN_2mm_JST,14,CONN 2MM JST,C295747
"J13, J14",QWIIC_CONN_RA,2,~,C145956
LED1,LED_0603,1,~,C125095
LOGO1,OSHW-LOGO-L,1,~,
"LOGO2, LOGO3",QWIIC_logo_8MM,2,~,
"R1, R12, R15, R18, R21, R26, R9",R_shunt,7,100 mOhm,C346817
R24,R_0603,1,4.7 kOhm,C22874
R25,R_0603,1,2 kOhm,C22975
"R4, R5, R6, R7, R8",R_0805,5,10 kOhm,C5123591
"U1, U2, U3, U4, U5, U6, U8",INA219AIDR,7,INA219AIDR,C138706
U7,TCA9548APWR,1,TCA9548APWR,C130026
U9,MCP73831_IC_BATT_CNTL,1,MCP73831T-2ACI/OT,C424093
